<?xml version="1.0" encoding="UTF-8" standalone="yes"?>
<addon id="plugin.video.HuntersHideout"
	name="Hunters Hideout"
	version="1.0.3"
	provider-name="TardisBuilds">
  <requires>
    <import addon="xbmc.python" version="2.1.0"/>
    <import addon="script.module.addon.common" version="2.0.0"/>
    <import addon="plugin.video.youtube" version="5.0.0"/>
  </requires>
  <extension point="xbmc.python.pluginsource" library="default.py">
    <provides>video</provides>
  </extension>
  <extension point="xbmc.addon.metadata">
    <summary lang="en">Hunting/Shooting Channels</summary>
    <description lang="en">Links to Hunting and Shooting Channels on YouTube</description>
    <platform>all</platform>
  </extension>
</addon>
