<?xml version="1.0" encoding="UTF-8" standalone="yes"?>
<addon id="plugin.video.livestreamer" name="livestreamer" version="1.12.3" provider-name="blxd">
  <requires>
    <import addon="xbmc.python" version="2.1.0"/>
    <import addon="script.module.xbmcswift2" version="2.4.0"/>
    <import addon="script.module.requests" version="2.6.0"/>
    <import addon="script.module.futures" version="2.2.0"/>
  </requires>
  <extension point="xbmc.python.pluginsource" library="addon.py" />
  <extension point="xbmc.service" library="service.py" start="startup"/>
  <extension point="xbmc.python.module" library="resources/site-packages/livestreamer/src/livestreamer" />
  <extension point="xbmc.addon.metadata">
    <platform>all</platform>
    <language></language>
    <summary>livestreamer wrapper</summary>
    <description>Plays videos from sites that are supported by livestreamer</description>
    <platform>all</platform>
    <license>Simplified BSD</license>
    <source>https://github.com/chrippa/livestreamer.git</source>
    <website>http://livestreamer.io</website>
  </extension>
</addon>