<?xml version="1.0" encoding="UTF-8" standalone="yes"?>
<addon id="plugin.video.tardis.tvcatchup" name="TV Catchup Tardis Edition" version="1.3.4" provider-name="War Doctor, blxd">
  <requires>
    <import addon="xbmc.python" version="2.1.0"/>
    <import addon="script.module.xbmcswift2" version="2.4.0"/>
    <import addon="plugin.video.livestreamer" version="1.12.3"/>
  </requires>
 <extension point="xbmc.python.pluginsource" library="addon.py">
    <provides>video</provides>
  </extension>
  <extension point="xbmc.addon.metadata">
    <summary lang="en">Live streams from TVCatchup.com</summary>
    <disclaimer>May not work outside the UK/Ireland</disclaimer>
    <platform>all</platform>
  </extension>
</addon>
