<?xml version="1.0" encoding="UTF-8" standalone="yes"?>
<addon id="script.tvguide.tardis" name="TV Guide - Tardis" version="1.0.23" provider-name="Wardoctor, Wardoctor">
    <requires>
        <import addon="xbmc.python" version="2.25.0"/>
        <import addon="script.module.simplejson" version="3.3.0"/>
        <import addon="script.module.requests" version="2.9.1" />
        <import addon="script.module.dateutil" version="2.4.2" />
        <import addon="script.module.pil" />
        <import addon="script.module.beautifulsoup4" />
    </requires>
    <extension point="xbmc.python.script" library="addon.py">
            <provides>executable</provides>
    </extension>
    <extension point="xbmc.service" library="service.py" start="login"/>
    <extension point="xbmc.addon.metadata">
        <description lang="en">Tardis TV Guide. Thanks for the major contributions from: Wardoctor,iainmacleod, im85288, RayW1986, bluezed, andy, Zomboided, tycoo, kjb86.</description>
        <disclaimer lang="en">Based on the original TV Guide addon by twinther, FTV Guide and Midraal's fork.</disclaimer>
        <language></language>
        <platform>all</platform>
        <license>GPLv2</license>
        <forum>https://buildscommunity.info</forum>
        <source></source>
        <website></website>
        <email>wardoctor@tardisbuilds.com</email>
        <news>version 1.0.23 - Meta Search, Multiple Catchup, Code Tweaks</news>
    </extension>
</addon>
