<?xml version="1.0" encoding="UTF-8"?>
<addon id="plugin.video.ustvnow.wd" name="USTVnow" provider-name="Wardoctor, mhancoc7" version="29.6.3">
    <requires>
        <import addon="xbmc.python" version="2.1.0" />
    </requires>
    <extension library="main.py" point="xbmc.python.pluginsource">
        <provides>video</provides>
    </extension>
    <extension point="xbmc.addon.metadata">
        <summary>Watch Major American Television Networks Live for Free! USTV Now - Wardoctor Patched</summary>
        <description>Please visit http://facebook.com/groups/tardisbuilds/ for addon support! Watch Major American Television Networks Live! Entirely Legal and Free! You can also record content with a paid DVR account or by using DVR referral points. Signup for a free account through the following link today: http://watch.ustvnow.com </description>
        <platform>all</platform>
        <forum></forum>
        <website>http://ustvnow.com</website>
    </extension>
</addon>
