<?xml version="1.0" encoding="UTF-8" standalone="yes"?>
<addon id="plugin.video.master.scraper" name="Master Scraper" version="1.0" provider-name="Wardoctor, sClarke">
  <requires>
    <import addon="xbmc.python" version="2.1.0"/>
	<import addon="script.module.requests" />
  </requires>
  <extension point="xbmc.python.pluginsource" library="default.py">
        <provides>video</provides>
  </extension>
  <extension point="xbmc.addon.metadata">
    <summary lang="en">Live Scraper for Master</summary>
    <description lang="en">Live Scraper for Master</description>
	<disclaimer lang="en">The author does not host or own any content found within this Addon. The Author is not connected to or in any other way affiliated with Kodi, Team Kodi, or the XBMC Foundation.</disclaimer>
    <platform>all</platform>
  </extension>
</addon>
