<?xml version="1.0" encoding="UTF-8"?>
<addon id="plugin.video.tardis-fixtures"
version="1.0.23"
name="Tardis Fixtures"
provider-name="Wardoctor">
  <requires>
    <import addon="xbmc.python" version="2.1.0"/>
  </requires>
  <extension point="xbmc.python.pluginsource" library="default.py">
    <provides>video</provides>
  </extension>
  <extension point="xbmc.addon.metadata">
  <summary lang="en">Tardis Fixtures</summary>
  <description lang="en">Sports Fixtures with Channel Linking.</description>
  <disclaimer lang="en"></disclaimer>
	<platform>all</platform>
    <assets>
        <icon>icon.png</icon>
        <fanart>fanart.jpg</fanart>
    </assets>
  </extension>
</addon>
