<?xml version="1.0" encoding="UTF-8" standalone="yes"?>
<addon id="plugin.program.chameleoncircuit" name="Chameleon Circuit" version="1.0.2" provider-name="Tardis Builds">
  <requires>
    <import addon="xbmc.python" version="2.1.0"/>
  </requires>
  <extension point="xbmc.python.pluginsource" library="default.py">
        <provides>executable</provides>
  </extension>
  <extension point="xbmc.addon.metadata">
    <summary lang="en">Download new intros and background packs for Tardis Builds</summary>
    <description lang="en">Download new Intro Videos and Background packs for Tardis Builds</description>
    <platform>all</platform>
  </extension>
</addon>
