<?xml version="1.0" encoding="UTF-8" standalone="yes"?>
<addon id="repository.tardis" name="Tardis Repository" version="1.4" provider-name="The Tenth Doctor">
	<extension point="xbmc.addon.repository" name="Tardis Repository">
		<info compressed="false">https://raw.githubusercontent.com/tardisbuilds/Tardisbuilds-Repository/master/addons.xml</info>
		<checksum>https://raw.githubusercontent.com/tardisbuilds/Tardisbuilds-Repository/master/addons.xml.md5</checksum>
		<datadir zip="true">https://raw.githubusercontent.com/tardisbuilds/Tardisbuilds-Repository/master</datadir>
	</extension>
	<extension point="xbmc.addon.metadata">
		<summary></summary>
		<description></description>
		<platform>all</platform>
	</extension>
</addon>

