<?xml version="1.1" encoding="UTF-8" standalone="yes"?>
<addon id="plugin.video.stargate-streams"
       name="Stargate Streams"
       version="1.0.6b"
       provider-name="Wardoctor">
  <requires>
    <import addon="xbmc.python" version="2.1.0"/>
  </requires>
  <extension point="xbmc.python.pluginsource"
            library="default.py">
        <provides>video</provides>
  </extension>
  <extension point="xbmc.addon.metadata">
    <summary lang="en">Stargate Streams</summary>
    <language>en</language>
    <description lang="en">Stargate Streams official addon - Streams that are outta of this World.</description>
     <platform>all</platform>
  </extension>
</addon>
